symbol,first_date,last_date,rows,is_st_coverage,is_suspended_coverage,limit_up_coverage,limit_down_coverage
600000,2017-01-03,2025-03-07,1984,1.0,1.0,0.0,0.0
600004,2017-01-03,2025-03-07,1984,1.0,1.0,0.0,0.0
600006,2017-01-03,2025-03-07,1984,1.0,1.0,0.0,0.0
600007,2017-01-03,2025-03-07,1984,1.0,1.0,0.0,0.0
600008,2017-01-03,2025-03-07,1984,1.0,1.0,0.0,0.0
600009,2017-01-03,2025-03-07,1984,1.0,1.0,0.0,0.0
600010,2017-01-03,2025-03-07,1984,1.0,1.0,0.0,0.0
600011,2017-01-03,2025-03-07,1984,1.0,1.0,0.0,0.0
600012,2017-01-03,2025-03-07,1984,1.0,1.0,0.0,0.0
600015,2017-01-03,2025-03-07,1984,1.0,1.0,0.0,0.0
600016,2017-01-03,2025-03-07,1984,1.0,1.0,0.0,0.0
600017,2017-01-03,2025-03-07,1984,1.0,1.0,0.0,0.0
600018,2017-01-03,2025-03-07,1984,1.0,1.0,0.0,0.0
600019,2017-01-03,2025-03-07,1984,1.0,1.0,0.0,0.0
600020,2017-01-03,2025-03-07,1984,1.0,1.0,0.0,0.0
600021,2017-01-03,2025-03-07,1984,1.0,1.0,0.0,0.0
600022,2017-01-03,2025-03-07,1984,1.0,1.0,0.0,0.0
600023,2017-01-03,2025-03-07,1984,1.0,1.0,0.0,0.0
600026,2017-01-03,2025-03-07,1984,1.0,1.0,0.0,0.0
600027,2017-01-03,2025-03-07,1984,1.0,1.0,0.0,0.0
600028,2017-01-03,2025-03-07,1984,1.0,1.0,0.0,0.0
600029,2017-01-03,2025-03-07,1984,1.0,1.0,0.0,0.0
600030,2017-01-03,2025-03-07,1984,1.0,1.0,0.0,0.0
600031,2017-01-03,2025-03-07,1984,1.0,1.0,0.0,0.0
600033,2017-01-03,2025-03-07,1984,1.0,1.0,0.0,0.0
600035,2017-01-03,2025-03-07,1984,1.0,1.0,0.0,0.0
600036,2017-01-03,2025-03-07,1984,1.0,1.0,0.0,0.0
600037,2017-01-03,2025-03-07,1984,1.0,1.0,0.0,0.0
600038,2017-01-03,2025-03-07,1984,1.0,1.0,0.0,0.0
600039,2017-01-03,2025-03-07,1984,1.0,1.0,0.0,0.0
600048,2017-01-03,2025-03-07,1984,1.0,1.0,0.0,0.0
600050,2017-01-03,2025-03-07,1984,1.0,1.0,0.0,0.0
600051,2017-01-03,2025-03-07,1984,1.0,1.0,0.0,0.0
600052,2017-01-03,2025-03-07,1984,1.0,1.0,0.0,0.0
600053,2017-01-03,2025-03-07,1984,1.0,1.0,0.0,0.0
600054,2017-01-03,2025-03-07,1984,1.0,1.0,0.0,0.0
600055,2017-01-03,2025-03-07,1984,1.0,1.0,0.0,0.0
600056,2017-01-03,2025-03-07,1984,1.0,1.0,0.0,0.0
600057,2017-01-03,2025-03-07,1984,1.0,1.0,0.0,0.0
600058,2017-01-03,2025-03-07,1984,1.0,1.0,0.0,0.0
600059,2017-01-03,2025-03-07,1984,1.0,1.0,0.0,0.0
600060,2017-01-03,2025-03-07,1984,1.0,1.0,0.0,0.0
600061,2017-01-03,2025-03-07,1984,1.0,1.0,0.0,0.0
600062,2017-01-03,2025-03-07,1984,1.0,1.0,0.0,0.0
600063,2017-01-03,2025-03-07,1984,1.0,1.0,0.0,0.0
600064,2017-01-03,2025-03-07,1984,1.0,1.0,0.0,0.0
600066,2017-01-03,2025-03-07,1984,1.0,1.0,0.0,0.0
600067,2017-01-03,2025-03-07,1984,1.0,1.0,0.0,0.0
600071,2017-01-03,2025-03-07,1984,1.0,1.0,0.0,0.0
600072,2017-01-03,2025-03-07,1984,1.0,1.0,0.0,0.0
600073,2017-01-03,2025-03-07,1984,1.0,1.0,0.0,0.0
600075,2017-01-03,2025-03-07,1984,1.0,1.0,0.0,0.0
600076,2017-01-03,2025-03-07,1984,1.0,1.0,0.0,0.0
600078,2017-01-03,2025-03-07,1984,1.0,1.0,0.0,0.0
600079,2017-01-03,2025-03-07,1984,1.0,1.0,0.0,0.0
600080,2017-01-03,2025-03-07,1984,1.0,1.0,0.0,0.0
600081,2017-01-03,2025-03-07,1984,1.0,1.0,0.0,0.0
600082,2017-01-03,2025-03-07,1984,1.0,1.0,0.0,0.0
600084,2017-01-03,2025-03-07,1984,1.0,1.0,0.0,0.0
600085,2017-01-03,2025-03-07,1984,1.0,1.0,0.0,0.0
600088,2017-01-03,2025-03-07,1984,1.0,1.0,0.0,0.0
600089,2017-01-03,2025-03-07,1984,1.0,1.0,0.0,0.0
600094,2017-01-03,2025-03-07,1984,1.0,1.0,0.0,0.0
600095,2017-01-03,2025-03-07,1984,1.0,1.0,0.0,0.0
600096,2017-01-03,2025-03-07,1984,1.0,1.0,0.0,0.0
600097,2017-01-03,2025-03-07,1984,1.0,1.0,0.0,0.0
600098,2017-01-03,2025-03-07,1984,1.0,1.0,0.0,0.0
600099,2017-01-03,2025-03-07,1984,1.0,1.0,0.0,0.0
600100,2017-01-03,2025-03-07,1984,1.0,1.0,0.0,0.0
600101,2017-01-03,2025-03-07,1984,1.0,1.0,0.0,0.0
600103,2017-01-03,2025-03-07,1984,1.0,1.0,0.0,0.0
600104,2017-01-03,2025-03-07,1984,1.0,1.0,0.0,0.0
600105,2017-01-03,2025-03-07,1984,1.0,1.0,0.0,0.0
600106,2017-01-03,2025-03-07,1984,1.0,1.0,0.0,0.0
600107,2017-01-03,2025-03-07,1984,1.0,1.0,0.0,0.0
600108,2017-01-03,2025-03-07,1984,1.0,1.0,0.0,0.0
600109,2017-01-03,2025-03-07,1984,1.0,1.0,0.0,0.0
600110,2017-01-03,2025-03-07,1984,1.0,1.0,0.0,0.0
600111,2017-01-03,2025-03-07,1984,1.0,1.0,0.0,0.0
600113,2017-01-03,2025-03-07,1984,1.0,1.0,0.0,0.0
600114,2017-01-03,2025-03-07,1984,1.0,1.0,0.0,0.0
600115,2017-01-03,2025-03-07,1984,1.0,1.0,0.0,0.0
600116,2017-01-03,2025-03-07,1984,1.0,1.0,0.0,0.0
600117,2017-01-03,2025-03-07,1984,1.0,1.0,0.0,0.0
600118,2017-01-03,2025-03-07,1984,1.0,1.0,0.0,0.0
600119,2017-01-03,2025-03-07,1984,1.0,1.0,0.0,0.0
600120,2017-01-03,2025-03-07,1984,1.0,1.0,0.0,0.0
600121,2017-01-03,2025-03-07,1984,1.0,1.0,0.0,0.0
600123,2017-01-03,2025-03-07,1984,1.0,1.0,0.0,0.0
600125,2017-01-03,2025-03-07,1984,1.0,1.0,0.0,0.0
600126,2017-01-03,2025-03-07,1984,1.0,1.0,0.0,0.0
600127,2017-01-03,2025-03-07,1984,1.0,1.0,0.0,0.0
600128,2017-01-03,2025-03-07,1984,1.0,1.0,0.0,0.0
600129,2017-01-03,2025-03-07,1984,1.0,1.0,0.0,0.0
600130,2017-01-03,2025-03-07,1984,1.0,1.0,0.0,0.0
600131,2017-01-03,2025-03-07,1984,1.0,1.0,0.0,0.0
600132,2017-01-03,2025-03-07,1984,1.0,1.0,0.0,0.0
600133,2017-01-03,2025-03-07,1984,1.0,1.0,0.0,0.0
600135,2017-01-03,2025-03-07,1984,1.0,1.0,0.0,0.0
600136,2017-01-03,2025-03-07,1984,1.0,1.0,0.0,0.0
