symbol,date,amount,volume,is_st,is_suspended,no_price_limit,limit_up,limit_down,raw_open,raw_high,raw_low,raw_close,adj_open,adj_high,adj_low,adj_close
600000,2023-01-02,100000000.0,10000000.0,False,False,False,20.0,1.0,10.0,10.0,10.0,10.0,10.0,10.0,10.0,10.0
600000,2023-01-03,100000000.0,10000000.0,False,False,False,20.0,1.0,10.0,10.0,10.0,10.0,10.0,10.0,10.0,10.0
600000,2023-01-04,100000000.0,10000000.0,False,False,False,20.0,1.0,10.0,10.0,10.0,10.0,10.0,10.0,10.0,10.0
600000,2023-01-05,100000000.0,10000000.0,False,False,False,20.0,1.0,10.0,10.0,10.0,10.0,10.0,10.0,10.0,10.0
600000,2023-01-06,100000000.0,10000000.0,False,False,False,20.0,1.0,10.0,10.0,10.0,10.0,10.0,10.0,10.0,10.0
600000,2023-01-09,100000000.0,10000000.0,False,False,False,20.0,1.0,10.0,10.0,10.0,10.0,10.0,10.0,10.0,10.0
600000,2023-01-10,100000000.0,10000000.0,False,False,False,20.0,1.0,10.0,10.0,10.0,10.0,10.0,10.0,10.0,10.0
600000,2023-01-11,100000000.0,10000000.0,False,False,False,20.0,1.0,10.0,10.0,10.0,10.0,10.0,10.0,10.0,10.0
600000,2023-01-12,100000000.0,10000000.0,False,False,False,20.0,1.0,10.0,10.0,10.0,10.0,10.0,10.0,10.0,10.0
600000,2023-01-13,100000000.0,10000000.0,False,False,False,20.0,1.0,10.0,10.0,10.0,10.0,10.0,10.0,10.0,10.0
600000,2023-01-16,100000000.0,10000000.0,False,False,False,20.0,1.0,10.0,10.0,10.0,10.0,10.0,10.0,10.0,10.0
600000,2023-01-17,100000000.0,10000000.0,False,False,False,20.0,1.0,10.0,10.0,10.0,10.0,10.0,10.0,10.0,10.0
600000,2023-01-18,100000000.0,10000000.0,False,False,False,20.0,1.0,10.0,10.0,10.0,10.0,10.0,10.0,10.0,10.0
600000,2023-01-19,100000000.0,10000000.0,False,False,False,20.0,1.0,10.0,10.0,10.0,10.0,10.0,10.0,10.0,10.0
600000,2023-01-20,100000000.0,10000000.0,False,False,False,20.0,1.0,10.0,10.0,10.0,10.0,10.0,10.0,10.0,10.0
600000,2023-01-23,100000000.0,10000000.0,False,False,False,20.0,1.0,10.0,10.0,10.0,10.0,10.0,10.0,10.0,10.0
600000,2023-01-24,100000000.0,10000000.0,False,False,False,20.0,1.0,10.0,10.0,10.0,10.0,10.0,10.0,10.0,10.0
600000,2023-01-25,100000000.0,10000000.0,False,False,False,20.0,1.0,10.0,10.0,10.0,10.0,10.0,10.0,10.0,10.0
600000,2023-01-26,100000000.0,10000000.0,False,False,False,20.0,1.0,10.0,10.0,10.0,10.0,10.0,10.0,10.0,10.0
600000,2023-01-27,100000000.0,10000000.0,False,False,False,20.0,1.0,10.0,10.0,10.0,10.0,10.0,10.0,10.0,10.0
600000,2023-01-30,100000000.0,10000000.0,False,False,False,20.0,1.0,11.0,11.0,11.0,11.0,11.0,11.0,11.0,11.0
600000,2023-01-31,100000000.0,10000000.0,False,False,False,20.0,1.0,11.0,11.0,11.0,11.0,11.0,11.0,11.0,11.0
600000,2023-02-01,100000000.0,10000000.0,False,False,False,20.0,1.0,11.0,11.0,11.0,11.0,11.0,11.0,11.0,11.0
600000,2023-02-02,100000000.0,10000000.0,False,False,False,20.0,1.0,11.0,11.0,11.0,11.0,11.0,11.0,11.0,11.0
600000,2023-02-03,100000000.0,10000000.0,False,False,False,20.0,1.0,11.0,11.0,11.0,11.0,11.0,11.0,11.0,11.0
600000,2023-02-06,100000000.0,10000000.0,False,False,False,20.0,1.0,11.0,11.0,11.0,11.0,11.0,11.0,11.0,11.0
600000,2023-02-07,100000000.0,10000000.0,False,False,False,20.0,1.0,11.0,11.0,11.0,11.0,11.0,11.0,11.0,11.0
600000,2023-02-08,100000000.0,10000000.0,False,False,False,20.0,1.0,11.0,11.0,11.0,11.0,11.0,11.0,11.0,11.0
600000,2023-02-09,100000000.0,10000000.0,False,False,False,20.0,1.0,11.0,11.0,11.0,11.0,11.0,11.0,11.0,11.0
600000,2023-02-10,100000000.0,10000000.0,False,False,False,20.0,1.0,11.0,11.0,11.0,11.0,11.0,11.0,11.0,11.0
600000,2023-02-13,100000000.0,10000000.0,False,False,False,20.0,1.0,5.0,5.0,5.0,5.0,11.0,11.0,11.0,11.0
600000,2023-02-14,100000000.0,10000000.0,False,False,False,20.0,1.0,5.0,5.0,5.0,5.0,11.0,11.0,11.0,11.0
600000,2023-02-15,100000000.0,10000000.0,False,False,False,20.0,1.0,5.0,5.0,5.0,5.0,11.0,11.0,11.0,11.0
600000,2023-02-16,100000000.0,10000000.0,False,False,False,20.0,1.0,5.0,5.0,5.0,5.0,11.0,11.0,11.0,11.0
600000,2023-02-17,100000000.0,10000000.0,False,False,False,20.0,1.0,5.0,5.0,5.0,5.0,11.0,11.0,11.0,11.0
600000,2023-02-20,100000000.0,10000000.0,False,False,False,20.0,1.0,5.0,5.0,5.0,5.0,11.0,11.0,11.0,11.0
600000,2023-02-21,100000000.0,10000000.0,False,False,False,20.0,1.0,5.0,5.0,5.0,5.0,11.0,11.0,11.0,11.0
600000,2023-02-22,100000000.0,10000000.0,False,False,False,20.0,1.0,5.0,5.0,5.0,5.0,11.0,11.0,11.0,11.0
600000,2023-02-23,100000000.0,10000000.0,False,False,False,20.0,1.0,5.0,5.0,5.0,5.0,11.0,11.0,11.0,11.0
600000,2023-02-24,100000000.0,10000000.0,False,False,False,20.0,1.0,5.0,5.0,5.0,5.0,11.0,11.0,11.0,11.0
